,train_acc,val_acc,test_acc,test_preds,test_labels,sparsity,fold
0,-1,-1,0.0,[1],[0],0.5452677777777778,0.0
0,-1,-1,100.0,[0],[0],0.6605705555555555,1.0
0,-1,-1,0.0,[1],[0],0.5104238888888889,2.0
0,-1,-1,100.0,[0],[0],0.4599944444444444,3.0
0,-1,-1,100.0,[0],[0],0.6071361111111111,4.0
0,-1,-1,100.0,[0],[0],0.6659205555555555,5.0
0,-1,-1,100.0,[0],[0],0.4423672222222222,6.0
0,-1,-1,100.0,[0],[0],0.6545388888888889,7.0
0,-1,-1,0.0,[1],[0],0.6364516666666666,8.0
