,train_acc,val_acc,test_acc,test_preds,test_labels,sparsity,fold
0,-1,-1,100.0,[0],[0],0.5515237037037037,0.0
0,-1,-1,100.0,[0],[0],0.6545333333333333,1.0
0,-1,-1,100.0,[0],[0],0.517750925925926,2.0
0,-1,-1,100.0,[0],[0],0.4800329629629629,3.0
0,-1,-1,100.0,[0],[0],0.5784,4.0
0,-1,-1,100.0,[0],[0],0.7028666666666666,5.0
0,-1,-1,100.0,[0],[0],0.46649259259259257,6.0
