fold,sparsity
0,0.21493333333333334
1,0.2826666666666667
2,0.2404
3,0.20086666666666667
4,0.263
5,0.22333333333333333
6,0.07226666666666667
7,0.075
8,0.294
9,0.2806666666666667
10,0.051666666666666666
11,0.15693333333333334
12,0.2793333333333333
