fold,sparsity
0,0.41636666666666666
1,0.47930666666666666
2,0.3817638888888889
3,0.3427211111111111
4,0.4491833333333333
5,0.5011716666666667
6,0.33259555555555553
7,0.5019094444444444
8,0.4787983333333333
9,0.4198672222222222
10,0.42306055555555555
11,0.3920983333333333
12,0.5179444444444444
13,0.3760627777777778
14,0.43044055555555555
