fold,sparsity
0,0.68408
1,0.7577333333333334
2,0.6150427777777778
3,0.644585
4,0.8209333333333333
5,0.6946
6,0.6287855555555556
7,0.6806666666666666
8,0.7292
