fold,sparsity
0,0.042145
1,0.02947875
2,0.0261925
