fold,sparsity
0,0.20921041666666668
1,0.17808875
2,0.16492583333333333
