fold,sparsity
0,0.08952125
1,0.06815958333333333
2,0.06078041666666667
0,0.08644944444444444
1,0.06544347222222222
2,0.05749527777777778
0,0.08644944444444444
1,0.06525611111111111
2,0.05794722222222222
