fold,sparsity
0,0.20928805555555555
0,0.20928805555555555
1,0.17838222222222222
2,0.1651123611111111
0,0.20928805555555555
0,0.20928805555555555
0,0.20928805555555555
1,0.17838222222222222
2,0.1651123611111111
