fold,sparsity
0,0.20928805555555555
0,0.20928805555555555
1,0.17838222222222222
2,0.1651123611111111
0,0.20928805555555555
0,0.20928805555555555
0,0.20928805555555555
1,0.17838222222222222
2,0.1651123611111111
0,0.20930133333333334
1,0.17839891666666666
2,0.16503483333333333
0,0.2092643125
1,0.17853070833333334
2,0.1651263125
0,0.20958375
1,0.1780075
2,0.16498166666666667
0,0.20958375
0,0.20958375
0,0.20958375
0,0.20958375
1,0.1780075
2,0.16498166666666667
