fold,sparsity
0,0.49822777777777777
1,0.5797733333333334
2,0.45491444444444445
3,0.4181022222222222
4,0.5037466666666667
5,0.6062588888888889
6,0.40284
7,0.5992988888888889
8,0.5738888888888889
9,0.49902444444444444
10,0.5046888888888889
11,0.4863355555555556
12,0.602
13,0.4505266666666667
14,0.5112966666666666
15,0.55665
16,0.6070544444444445
17,0.6006555555555556
18,0.3473322222222222
