fold,sparsity
0,0.49822777777777777
1,0.5797733333333334
2,0.45491444444444445
3,0.4181022222222222
4,0.5037466666666667
5,0.6062588888888889
6,0.40284
7,0.5992988888888889
8,0.5738888888888889
9,0.49902444444444444
10,0.5046888888888889
