fold,sparsity
0,0.5452664814814815
1,0.6604185185185185
2,0.5106011111111111
3,0.46008481481481484
4,0.6071322222222222
5,0.6658633333333334
6,0.44228981481481483
7,0.6540144444444445
8,0.6362083333333334
9,0.559855
10,0.57757
11,0.5321346296296297
12,0.6634511111111111
13,0.4985027777777778
14,0.5655490740740741
15,0.614982037037037
16,0.6676453703703704
17,0.6583357407407407
18,0.3742711111111111
19,0.664290925925926
20,0.6921366666666666
21,0.5023361111111111
