fold,sparsity
0,0.5515237037037037
1,0.6545333333333333
2,0.517750925925926
3,0.48003296296296294
4,0.5784
5,0.7028666666666666
6,0.46649259259259257
