fold,sparsity
0,0.4116403703703704
1,0.4832161111111111
2,0.38176296296296297
3,0.3452425925925926
4,0.44758037037037035
5,0.5071109259259259
6,0.33424907407407406
7,0.4980222222222222
8,0.47882592592592593
9,0.41832185185185183
10,0.4235159259259259
11,0.4005111111111111
12,0.5049416666666666
13,0.3745661111111111
14,0.42469574074074073
