fold,sparsity
0,0.5001094444444445
1,0.6436
2,0.5770452777777778
