fold,sparsity
0,0.6502377777777778
1,0.8011266666666667
2,0.6165936111111111
3,0.5516794444444444
4,0.7151772222222222
5,0.8018022222222222
6,0.5302983333333333
7,0.7891005555555556
8,0.7656013888888888
