fold,sparsity
0,0.6665133333333333
1,0.6805333333333333
2,0.6457133333333334
3,0.6477255555555556
4,0.676
5,0.713
6,0.5617566666666667
7,0.6572
8,0.7234666666666667
9,0.6328666666666667
10,0.5949333333333333
11,0.7205388888888888
12,0.5926
13,0.6612522222222222
14,0.6356
15,0.5981333333333333
16,0.6066666666666667
17,0.6516
18,0.6327466666666667
19,0.5878
20,0.7108666666666666
21,0.6889377777777778
22,0.6865333333333333
23,0.6436666666666667
