fold,sparsity
0,0.4999711111111111
1,0.6133388888888889
2,0.46607
3,0.40395888888888887
4,0.5268
5,0.62237
6,0.40249111111111113
7,0.6076777777777778
8,0.5823955555555556
9,0.5113988888888888
10,0.5230166666666667
11,0.4788233333333333
12,0.6151288888888888
13,0.4510711111111111
14,0.5166411111111111
15,0.5614711111111111
16,0.6087244444444444
17,0.6037466666666667
18,0.35103666666666666
19,0.6079555555555556
20,0.6444011111111111
21,0.45187777777777777
22,0.6097288888888889
23,0.6886
24,0.6281622222222222
25,0.5739166666666666
26,0.6368355555555556
27,0.6054644444444445
28,0.2773477777777778
29,0.38963444444444445
30,0.3506411111111111
31,0.6391233333333334
32,0.6196833333333334
33,0.5317
34,0.5085644444444445
35,0.6485511111111111
36,0.6516388888888889
37,0.60435
38,0.27414222222222223
39,0.3140644444444444
40,0.6196533333333333
41,0.6144111111111111
42,0.49032333333333333
43,0.5824133333333333
44,0.6172066666666667
45,0.52156
