fold,sparsity
0,0.41844
1,0.48669222222222225
2,0.37672
3,0.34803555555555554
4,0.4467333333333333
5,0.5071655555555555
6,0.33701888888888887
7,0.4925311111111111
8,0.48274666666666666
9,0.43015555555555557
10,0.43142
11,0.39332333333333336
12,0.5017877777777778
13,0.38151111111111113
14,0.43724444444444444
15,0.4766022222222222
16,0.4878577777777778
17,0.5106522222222222
18,0.2873811111111111
19,0.50166
20,0.5282377777777778
21,0.3841088888888889
22,0.5016211111111111
23,0.5590544444444444
24,0.5236433333333333
25,0.4643277777777778
26,0.5215677777777777
27,0.50276
28,0.22838111111111112
29,0.31353444444444445
30,0.29168666666666665
31,0.5335877777777778
32,0.5147011111111112
33,0.44799222222222224
34,0.4137322222222222
35,0.5263288888888888
36,0.5449455555555556
37,0.5019744444444444
38,0.22545333333333334
39,0.2514677777777778
40,0.5293066666666667
41,0.5096211111111111
42,0.39505111111111113
43,0.47683
44,0.51962
45,0.42002555555555554
