fold,sparsity
17,0.46526666666666666
8,0.46986666666666665
0,0.6384866666666666
9,0.5820655555555555
1,0.7596
10,0.7000377777777778
2,0.6930588888888889
11,0.56977
3,0.62242
12,0.7574
13,0.63787
14,0.7112
15,0.7703333333333333
16,0.7312
