fold,sparsity
45,0.6666288888888889
44,0.8561048611111111
43,0.8163263888888889
42,0.6996520833333333
