,train_acc,val_acc,test_acc,test_preds,test_labels,sparsity,fold
0,-1,-1,100.0,[0],[0],0.4811905555555555,0.0
0,-1,-1,100.0,[0],[0],0.57648,1.0
0,-1,-1,100.0,[0],[0],0.006415,2.0
0,-1,-1,100.0,[0],[0],0.4163677777777778,3.0
0,-1,-1,100.0,[0],[0],0.5171855555555556,4.0
0,-1,-1,100.0,[0],[0],0.5909233333333334,5.0
0,-1,-1,100.0,[0],[0],0.3925572222222222,6.0
0,-1,-1,0.0,[1],[0],0.5829122222222223,7.0
