,train_acc,val_acc,test_acc,test_preds,test_labels,sparsity,fold
0,-1,-1,100.0,[0],[0],0.6981955555555556,0.0
0,-1,-1,0.0,[1],[0],0.7334666666666667,1.0
0,-1,-1,0.0,[1],[0],0.6465683333333333,2.0
