,train_acc,val_acc,test_acc,test_preds,test_labels,sparsity,fold
0,-1,-1,100.0,[0],[0],0.68408,0.0
0,-1,-1,100.0,[0],[0],0.7577333333333334,1.0
0,-1,-1,100.0,[0],[0],0.6150427777777778,2.0
0,-1,-1,100.0,[0],[0],0.644585,3.0
0,-1,-1,100.0,[0],[0],0.8209333333333333,4.0
0,-1,-1,100.0,[0],[0],0.6946,5.0
0,-1,-1,0.0,[1],[0],0.6287855555555556,6.0
0,-1,-1,100.0,[0],[0],0.6806666666666666,7.0
