fold,sparsity
0,0.27245166666666665
1,0.22622833333333334
2,0.19654333333333332
3,0.232035
4,0.3033033333333333
5,0.289465
6,0.18721166666666667
7,0.28010833333333335
8,0.1996
9,0.25709333333333334
10,0.290595
11,0.19584666666666667
12,0.3771366666666667
13,0.30359
14,0.26661666666666667
15,0.2517583333333333
16,0.32050666666666666
17,0.25806666666666667
18,0.15848
19,0.2670383333333333
20,0.31117333333333336
21,0.2717983333333333
