fold,sparsity
0,0.00384
1,0.006261666666666666
2,0.006751666666666666
3,0.005431666666666666
4,0.0034866666666666666
5,0.007828333333333333
6,0.001535
7,0.0053416666666666664
8,0.005078333333333333
9,0.007233333333333333
10,0.009391666666666666
11,0.003425
12,0.011478333333333333
