fold,sparsity
0,0.5827311111111111
1,0.7465333333333334
2,0.6402772222222223
3,0.590425
4,0.7114
5,0.7928
6,0.6470305555555556
7,0.7325333333333334
8,0.7465333333333334
9,0.681
10,0.769
11,0.6697816666666667
12,0.7608
13,0.6349327777777778
14,0.6708666666666666
15,0.7399333333333333
