,train_acc,val_acc,test_acc,test_preds,test_labels,sparsity,fold
0,-1,-1,0.0,[0],[1],0.6666288888888889,45.0
0,-1,-1,0.0,[1],[0],0.8561048611111111,44.0
0,-1,-1,100.0,[0],[0],0.8163263888888889,43.0
