,train_acc,val_acc,test_acc,test_preds,test_labels,sparsity,fold
0,-1,-1,100.0,[0],[0],0.6502377777777778,0.0
0,-1,-1,100.0,[0],[0],0.8011266666666667,1.0
0,-1,-1,100.0,[0],[0],0.6165936111111111,2.0
0,-1,-1,100.0,[0],[0],0.5516794444444444,3.0
0,-1,-1,100.0,[0],[0],0.7151772222222222,4.0
0,-1,-1,0.0,[1],[0],0.8018022222222222,5.0
0,-1,-1,100.0,[0],[0],0.5302983333333333,6.0
0,-1,-1,0.0,[1],[0],0.7891005555555556,7.0
0,-1,-1,0.0,[1],[0],0.7656013888888888,8.0
