,train_acc,val_acc,test_acc,test_preds,test_labels,sparsity,fold
0,-1,-1,100.0,[0],[0],0.4982277777777777,0.0
0,-1,-1,100.0,[0],[0],0.5797733333333334,1.0
0,-1,-1,0.0,[1],[0],0.4549144444444444,2.0
0,-1,-1,100.0,[0],[0],0.4181022222222222,3.0
0,-1,-1,0.0,[1],[0],0.5037466666666667,4.0
0,-1,-1,0.0,[1],[0],0.6062588888888889,5.0
0,-1,-1,100.0,[0],[0],0.40284,6.0
0,-1,-1,100.0,[0],[0],0.5992988888888889,7.0
0,-1,-1,100.0,[0],[0],0.5738888888888889,8.0
0,-1,-1,100.0,[0],[0],0.49902444444444444,9.0
